dataset_name,config,sub_task,llm_model,classifier,task_type,status,number_iteration,number_iteration_error,has_description,time_catalog_load,time_pipeline_generate,time_total,time_execution,train_auc,train_auc_ovo,train_auc_ovr,train_accuracy,train_f1_score,train_log_loss,train_r_squared,train_rmse,test_auc,test_auc_ovo,test_auc_ovr,test_accuracy,test_f1_score,test_log_loss,test_r_squared,test_rmse,prompt_token_count,all_token_count,operation,number_of_samples,dataset_name_orig,ID
oml_dataset_33_rnc,AIDE,,llama-3.1-70b-versatile,Auto,binary,True,1,0,No,0,0,1010.2158455848694,6.194439172744751,0.9990659666121474,-2,-2,0.9857409326424872,0.9751911149574498,-2,-2,-2,0.9954919036912871,-2,-2,0.9706963249516442,0.9481608212147136,-2,-2,-2,21390,21390,Run-Pipeline,0,Nomao,5
oml_dataset_33_rnc,AIDE,,llama-3.1-70b-versatile,Auto,binary,True,2,0,No,0,0,1086.4822103977203,86.3707001209259,0.9990659666121474,-2,-2,0.9857409326424872,0.9751911149574498,-2,-2,-2,0.9954919036912871,-2,-2,0.9706963249516442,0.9481608212147136,-2,-2,-2,21678,21678,Run-Pipeline,0,Nomao,5
oml_dataset_33_rnc,AIDE,,llama-3.1-70b-versatile,Auto,binary,True,3,0,No,0,0,1066.063454389572,32.215001821517944,0.9990659666121474,-2,-2,0.9857409326424872,0.9751911149574498,-2,-2,-2,0.9954919036912871,-2,-2,0.9706963249516442,0.9481608212147136,-2,-2,-2,20959,20959,Run-Pipeline,0,Nomao,5
oml_dataset_33_rnc,AIDE,,llama-3.1-70b-versatile,Auto,binary,True,4,0,No,0,0,1101.1853709220886,64.6179552078247,0.9990659666121474,-2,-2,0.9857409326424872,0.9751911149574498,-2,-2,-2,0.9954919036912871,-2,-2,0.9706963249516442,0.9481608212147136,-2,-2,-2,21569,21569,Run-Pipeline,0,Nomao,5
oml_dataset_33_rnc,AIDE,,llama-3.1-70b-versatile,Auto,binary,True,5,0,No,0,0,1070.740675449371,72.59666037559509,0.9964566151646542,-2,-2,0.9743943130712316,0.9547667862634546,-2,-2,-2,0.9930667943310192,-2,-2,0.9619904250689104,0.9350842418235876,-2,-2,-2,20953,20953,Run-Pipeline,0,Nomao,5
