dataset_name,config,sub_task,llm_model,classifier,task_type,status,number_iteration,number_iteration_error,has_description,time_catalog_load,time_pipeline_generate,time_total,time_execution,train_auc,train_auc_ovo,train_auc_ovr,train_accuracy,train_f1_score,train_log_loss,train_r_squared,train_rmse,test_auc,test_auc_ovo,test_auc_ovr,test_accuracy,test_f1_score,test_log_loss,test_r_squared,test_rmse,prompt_token_count,all_token_count,operation,number_of_samples,dataset_name_orig,ID
oml_dataset_35_rnc,AutoGen,,llama-3.1-70b-versatile,Auto,multiclass,True,1,2,No,0,17230.2110197544,17230.2110197544,17230.2110197544,-2.0,-2.0,0.95618860463953,0.999975500404243,-2.0,0.225991704833018,-2.0,-2.0,-2.0,0.522256916208037,0.915223139343459,0.660664265706283,-2.0,1.09118100402621,-2.0,-2.0,1423,5586,Run-Pipeline,0,Volkert,6
oml_dataset_35_rnc,AutoGen,,llama-3.1-70b-versatile,Auto,multiclass,True,2,4,No,0,31967.839938879,31967.839938879,31967.839938879,-2.0,-2.0,0.954858696981836,-2.0,-2.0,0.22164004569303,-2.0,-2.0,-2.0,-2.0,0.954858696981836,1.0,-2.0,0.22164004569303,-2.0,-2.0,1427,11858,Run-Pipeline,0,Volkert,6
oml_dataset_35_rnc,AutoGen,,llama-3.1-70b-versatile,Auto,multiclass,True,3,4,No,0,46483.622770071,46483.622770071,46483.622770071,-2.0,-2.0,0.95481676511383,1.0,-2.0,0.221692638261589,-2.0,-2.0,-2.0,0.5,0.5,0.18,-2.0,2.37785968450504,-2.0,-2.0,1427,10544,Run-Pipeline,0,Volkert,6
oml_dataset_35_rnc,AutoGen,,llama-3.1-70b-versatile,Auto,multiclass,True,4,2,No,0,16991.3947730064,16991.3947730064,16991.3947730064,-2.0,-2.0,0.956164260682278,1.0,-2.0,0.226454554677989,-2.0,-2.0,-2.0,0.907334860072863,0.915207205835421,0.665294689304293,-2.0,1.07939944504518,-2.0,-2.0,1411,5850,Run-Pipeline,0,Volkert,6
oml_dataset_35_rnc,AutoGen,,llama-3.1-70b-versatile,Auto,multiclass,True,5,1,No,0,59.0411431789398,59.0411431789398,59.0411431789398,-2.0,-2.0,1.0,1.0,-2.0,0.226634750044518,-2.0,-2.0,-2.0,0.929124473822029,0.929124473822029,0.659692448407935,-2.0,1.05905453744645,-2.0,-2.0,1557,3872,Run-Pipeline,0,Volkert,6
oml_dataset_35_rnc,AutoGen,,llama-3.1-70b-versatile,Auto,multiclass,True,6,1,No,0,61.3122575283051,61.3122575283051,61.3122575283051,-2.0,-2.0,1.0,1.0,-2.0,0.226532385508084,-2.0,-2.0,-2.0,0.930246279314289,0.930246279314289,0.66112159149374,-2.0,1.06193433630163,-2.0,-2.0,1557,3872,Run-Pipeline,0,Volkert,6
