dataset_name,config,sub_task,llm_model,classifier,task_type,status,number_iteration,number_iteration_error,has_description,time_catalog_load,time_pipeline_generate,time_total,time_execution,train_auc,train_auc_ovo,train_auc_ovr,train_accuracy,train_f1_score,train_log_loss,train_r_squared,train_rmse,test_auc,test_auc_ovo,test_auc_ovr,test_accuracy,test_f1_score,test_log_loss,test_r_squared,test_rmse,prompt_token_count,all_token_count,operation,number_of_samples,dataset_name_orig,ID
oml_dataset_5_rnc,CatDBChain,ModelSelection,llama-3.1-70b-versatile,Auto,binary,True,1,0,No,0.0293684005737304,19.5278608798981,56.7559866905212,0.538985252380371,0.999420837651649,-2.0,-2.0,0.990689013035382,0.986595174262735,-2.0,-2.0,-2.0,0.793708609271523,-2.0,-2.0,0.731601731601732,0.626506024096386,-2.0,-2.0,-2.0,1775,3321,Run-Pipeline,0,Diabetes,2
oml_dataset_5_rnc,CatDBChain,ModelSelection,llama-3.1-70b-versatile,Auto,binary,True,2,0,No,0.0293684005737304,12.0224335193634,41.6478199958801,0.685017108917236,0.999420837651649,-2.0,-2.0,0.990689013035382,0.986595174262735,-2.0,-2.0,-2.0,0.793708609271523,-2.0,-2.0,0.731601731601732,0.626506024096386,-2.0,-2.0,-2.0,1775,3321,Run-Pipeline,0,Diabetes,2
oml_dataset_5_rnc,CatDBChain,ModelSelection,llama-3.1-70b-versatile,Auto,binary,True,3,0,No,0.0293684005737304,58.0843477249146,1691.35013151169,1011.96364188194,0.92938791684448,-2.0,-2.0,0.839851024208566,0.814946305497676,-2.0,-2.0,-2.0,0.791514900662252,-2.0,-2.0,0.731601731601732,0.696052631578947,-2.0,-2.0,-2.0,2178,4817,Run-Pipeline,0,Diabetes,2
oml_dataset_5_rnc,CatDBChain,ModelSelection,llama-3.1-70b-versatile,Auto,binary,True,4,0,No,0.0293684005737304,32.8060555458069,34.2813279628754,0.756653308868408,0.987090776077547,-2.0,-2.0,0.925512104283054,0.887640449438202,-2.0,-2.0,-2.0,0.772557947019867,-2.0,-2.0,0.692640692640693,0.56441717791411,-2.0,-2.0,-2.0,1902,1902,Run-Pipeline,0,Diabetes,2
oml_dataset_5_rnc,CatDBChain,ModelSelection,llama-3.1-70b-versatile,Auto,binary,True,5,0,No,0.0293684005737304,37.3104887008667,37.6658616065979,0.185259580612183,0.92624824727184,-2.0,-2.0,0.828677839851024,0.691275167785235,-2.0,-2.0,-2.0,0.604925496688742,-2.0,-2.0,0.619047619047619,0.290322580645161,-2.0,-2.0,-2.0,1960,1960,Run-Pipeline,0,Diabetes,2
