dataset_name,config,sub_task,llm_model,classifier,task_type,status,number_iteration,number_iteration_error,has_description,time_catalog_load,time_pipeline_generate,time_total,time_execution,train_auc,train_auc_ovo,train_auc_ovr,train_accuracy,train_f1_score,train_log_loss,train_r_squared,train_rmse,test_auc,test_auc_ovo,test_auc_ovr,test_accuracy,test_f1_score,test_log_loss,test_r_squared,test_rmse,prompt_token_count,all_token_count,operation,number_of_samples,dataset_name_orig,ID
oml_dataset_33_rnc,CatDBChain,ModelSelection,llama3-70b-8192,Auto,binary,True,1,1,No,0.0406146049499511,3.8710780143737793,110.20383071899414,110.06138586997986,0.9762028478961138,-2.0,-2.0,0.8503108808290155,0.6535555822041013,-2.0,-2,-2,0.9707628177327884,-2.0,-2.0,0.8435233160621761,0.6364949446316803,-2.0,-2,-2,5269,5269,Gen-and-Run-Pipeline,0,Nomao,2
oml_dataset_33_rnc,CatDBChain,ModelSelection,llama3-70b-8192,Auto,binary,True,2,16,No,0.0406146049499511,5.086524486541748,38.94169664382935,0.9001259803771973,0.9873688261587644,-2.0,-2.0,0.9901554404145078,0.9827929722876292,-2.0,-2,-2,0.9521472632301096,-2.0,-2.0,0.9618652849740932,0.933765298776098,-2.0,-2,-2,5744,78977,Gen-and-Run-Pipeline,0,Nomao,2
oml_dataset_33_rnc,CatDBChain,ModelSelection,llama3-70b-8192,Auto,binary,True,3,5,No,0.0406146049499511,4.809584379196167,29.07588720321656,10.40323567390442,0.9785435160828572,-2.0,-2.0,0.9843523316062176,0.9724904354162872,-2.0,-2,-2,0.9492946768712172,-2.0,-2.0,0.9608290155440414,0.9315960912052116,-2.0,-2,-2,5706,28213,Gen-and-Run-Pipeline,0,Nomao,2
oml_dataset_33_rnc,CatDBChain,ModelSelection,llama3-70b-8192,Auto,binary,True,4,1,No,0.0406146049499511,4.82985258102417,2.0992565155029297,1.9578344821929927,0.9495334418982389,-2.0,-2.0,0.96139896373057,0.9319199488257334,-2.0,-2,-2,0.914399638679358,-2.0,-2.0,0.9332642487046632,0.8829090909090909,-2.0,-2,-2,5295,5295,Gen-and-Run-Pipeline,0,Nomao,2
oml_dataset_33_rnc,CatDBChain,ModelSelection,llama3-70b-8192,Auto,binary,True,5,8,No,0.0406146049499511,4.52234411239624,26.354028463363647,3.65006422996521,0.9341230926267956,-2.0,-2.0,0.9501347150259069,0.9117064220183486,-2.0,-2,-2,0.9083609196880468,-2.0,-2.0,0.9291102514506768,0.8725882148444289,-2.0,-2,-2,5734,40822,Gen-and-Run-Pipeline,0,Nomao,2
