dataset_name,config,sub_task,llm_model,classifier,task_type,status,number_iteration,number_iteration_error,has_description,time_catalog_load,time_pipeline_generate,time_total,time_execution,train_auc,train_auc_ovo,train_auc_ovr,train_accuracy,train_f1_score,train_log_loss,train_r_squared,train_rmse,test_auc,test_auc_ovo,test_auc_ovr,test_accuracy,test_f1_score,test_log_loss,test_r_squared,test_rmse,prompt_token_count,all_token_count,operation,number_of_samples,dataset_name_orig,ID
oml_dataset_34_rnc,CatDB,,gemini-1.5-pro-latest,Auto,multiclass,True,1,0,No,0.1980752944946289,32.303937911987305,44.171098947525024,10.466301918029783,-2.0,1.0,1.0,1.0,-2.0,0.0165306705794886,-2,-2,-2.0,0.9993741255925908,0.9993852457363612,0.9942487419122932,-2.0,0.0688480577831109,-2,-2,11661,11661,Run-Pipeline,0,Gas-Drift,1
oml_dataset_34_rnc,CatDB,,gemini-1.5-pro-latest,Auto,multiclass,True,2,0,No,0.1980752944946289,30.232350826263428,41.82186412811279,10.281362295150757,-2.0,1.0,1.0,1.0,-2.0,0.0165306705794886,-2,-2,-2.0,0.9993741255925908,0.9993852457363612,0.9942487419122932,-2.0,0.0688480577831109,-2,-2,11661,11661,Run-Pipeline,0,Gas-Drift,1
oml_dataset_34_rnc,CatDB,,gemini-1.5-pro-latest,Auto,multiclass,True,3,0,No,0.1980752944946289,31.10290241241455,42.03005719184876,9.895614385604858,-2.0,1.0,1.0,1.0,-2.0,0.0165306705794886,-2,-2,-2.0,0.9993741255925908,0.9993852457363612,0.9942487419122932,-2.0,0.0688480577831109,-2,-2,11661,11661,Run-Pipeline,0,Gas-Drift,1
oml_dataset_34_rnc,CatDB,,gemini-1.5-pro-latest,Auto,multiclass,True,4,0,No,0.1980752944946289,31.26587152481079,42.26206207275391,9.93325924873352,-2.0,1.0,1.0,1.0,-2.0,0.0165306705794886,-2,-2,-2.0,0.9993741255925908,0.9993852457363612,0.9942487419122932,-2.0,0.0688480577831109,-2,-2,11661,11661,Run-Pipeline,0,Gas-Drift,1
