dataset_name,config,sub_task,llm_model,classifier,task_type,status,number_iteration,number_iteration_error,has_description,time_catalog_load,time_pipeline_generate,time_total,time_execution,train_auc,train_auc_ovo,train_auc_ovr,train_accuracy,train_f1_score,train_log_loss,train_r_squared,train_rmse,test_auc,test_auc_ovo,test_auc_ovr,test_accuracy,test_f1_score,test_log_loss,test_r_squared,test_rmse,prompt_token_count,all_token_count,operation,ID
Airlines,CAAFE,,gemini-1.5-pro-latest,RandomForest,binary,True,1,0,Yes,0,0,193.02966594696045,193.015410900116,0.9999686027418732,0.9999686027418732,0.9999686027418732,0.9964444547891615,-2,-2,-2,-2,0.6179089079696719,0.6179089079696719,0.6179089079696719,0.6039999961853028,-2,-2,-2,-2,1210,1210,Run-CAAFE,6
Airlines,CAAFE,,gemini-1.5-pro-latest,RandomForest,binary,True,2,0,Yes,0,0,193.02966594696045,193.015410900116,1.0,1.0,1.0,1.0,-2,-2,-2,-2,0.6303545678309707,0.6303545678309707,0.6303545678309707,0.6069999963045121,-2,-2,-2,-2,1210,2785,Run-CAAFE,6
Airlines,CAAFE,,gemini-1.5-pro-latest,RandomForest,binary,True,3,0,Yes,0,0,193.02966594696045,193.015410900116,1.0,1.0,1.0,1.0,-2,-2,-2,-2,0.634137236560649,0.634137236560649,0.634137236560649,0.6023333340883255,-2,-2,-2,-2,1210,4618,Run-CAAFE,6
Airlines,CAAFE,,gemini-1.5-pro-latest,RandomForest,binary,True,4,0,Yes,0,0,193.02966594696045,193.015410900116,1.0,1.0,1.0,0.9999629616737366,-2,-2,-2,-2,0.6388732964811188,0.6388732964811188,0.6388732964811188,0.6023333340883255,-2,-2,-2,-2,1210,6536,Run-CAAFE,6
Airlines,CAAFE,,gemini-1.5-pro-latest,RandomForest,binary,True,5,0,Yes,0,0,193.02966594696045,193.015410900116,1.0,1.0,1.0,1.0,-2,-2,-2,-2,0.6419100640875351,0.6419100640875351,0.6419100640875351,0.6126666694879532,-2,-2,-2,-2,1210,11605,Run-CAAFE,6
Airlines,CAAFE,,gemini-1.5-pro-latest,RandomForest,binary,True,6,0,Yes,0,0,193.02966594696045,193.015410900116,1.0,1.0,1.0,0.9999629616737366,-2,-2,-2,-2,0.6419980890870308,0.6419980890870308,0.6419980890870308,0.6069999963045121,-2,-2,-2,-2,1210,14444,Run-CAAFE,6
Airlines,CAAFE,,gemini-1.5-pro-latest,RandomForest,binary,True,7,0,Yes,0,0,193.02966594696045,193.015410900116,0.9999701537299168,0.9999701537299168,0.9999701537299168,0.9964444547891615,-2,-2,-2,-2,0.6285197382729659,0.6285197382729659,0.6285197382729659,0.6079999923706054,-2,-2,-2,-2,1210,20906,Run-CAAFE,6
