dataset_name,config,sub_task,llm_model,classifier,task_type,status,number_iteration,number_iteration_error,has_description,time_catalog_load,time_pipeline_generate,time_total,time_execution,train_auc,train_auc_ovo,train_auc_ovr,train_accuracy,train_f1_score,train_log_loss,train_r_squared,train_rmse,test_auc,test_auc_ovo,test_auc_ovr,test_accuracy,test_f1_score,test_log_loss,test_r_squared,test_rmse,prompt_token_count,all_token_count,operation,dataset_name_orig,ID
Balance-Scale,CatDBChain,ModelSelection,gemini-1.5-pro-latest,Auto,multiclass,True,1,1,No,0.0009670257568359,14.890763759613,1.11204981803894,1.10524368286133,-2.0,1.0,1.0,1.0,-2.0,0.121186651837102,-2.0,-2.0,-2.0,0.696628086419753,0.724140883205134,0.835106382978723,-2.0,2.21637740364924,-2.0,-2.0,1207,1207,Gen-and-Run-Pipeline,Balance-Scale,2
Balance-Scale,CatDBChain,ModelSelection,gemini-1.5-pro-latest,Auto,multiclass,True,2,1,No,0.0009670257568359,14.095831155777,0.546483278274536,0.539268970489502,-2.0,1.0,1.0,1.0,-2.0,0.123770295433279,-2.0,-2.0,-2.0,0.731188271604938,0.758702856142457,0.835106382978723,-2.0,1.17517318123926,-2.0,-2.0,1221,1221,Gen-and-Run-Pipeline,Balance-Scale,2
Balance-Scale,CatDBChain,ModelSelection,gemini-1.5-pro-latest,Auto,multiclass,True,3,1,No,0.0009670257568359,15.988950252533,0.407761096954346,0.40113377571106,-2.0,1.0,1.0,1.0,-2.0,0.089154045812201,-2.0,-2.0,-2.0,0.852339248971193,0.867328482318853,0.872340425531915,-2.0,0.454402725330927,-2.0,-2.0,1236,1236,Gen-and-Run-Pipeline,Balance-Scale,2
Balance-Scale,CatDBChain,ModelSelection,gemini-1.5-pro-latest,Auto,multiclass,True,4,2,No,0.0009670257568359,22.0606880187988,21.9726767539978,0.262627124786377,-2.0,1.0,1.0,1.0,-2.0,0.0907566514612048,-2.0,-2.0,-2.0,0.860223765432099,0.868939381308079,0.877659574468085,-2.0,0.777394113342631,-2.0,-2.0,1458,3262,Gen-and-Run-Pipeline,Balance-Scale,2
Balance-Scale,CatDBChain,ModelSelection,gemini-1.5-pro-latest,Auto,multiclass,True,5,1,No,0.0009670257568359,15.1844458580017,0.398740291595459,0.392072439193726,-2.0,1.0,1.0,1.0,-2.0,0.120022312667447,-2.0,-2.0,-2.0,0.714086934156379,0.742696963044477,0.803191489361702,-2.0,1.36115338465304,-2.0,-2.0,1121,1121,Gen-and-Run-Pipeline,Balance-Scale,2
